{"cameraMode":{"drawMode":0,"name":"Shaded","section":"Shading Mode"},"sceneLighting":true,"audioPlay":false,"sceneViewState":{"showFog":true,"showMaterialUpdate":false,"showSkybox":true,"showFlares":true,"showImageEffects":true,"showParticleSystems":true},"in2DMode":false,"pivot":{"x":1.8745439052581788,"y":-0.20193015038967133,"z":-0.9889056086540222},"rotation":{"x":0.10948995500802994,"y":0.7661964893341065,"z":-0.13564912974834443,"w":0.6185992956161499},"size":5.601646900177002,"orthographic":false}