{"cameraMode":{"drawMode":0,"name":"Shaded","section":"Shading Mode"},"sceneLighting":false,"audioPlay":false,"sceneViewState":{"showFog":true,"showMaterialUpdate":false,"showSkybox":true,"showFlares":true,"showImageEffects":true,"showParticleSystems":true},"in2DMode":false,"pivot":{"x":-0.04979870468378067,"y":0.22877614200115205,"z":-0.9627240300178528},"rotation":{"x":0.00012613444414455444,"y":0.9996085166931152,"z":-0.0036080125719308855,"w":0.029432957991957666},"size":2.242635726928711,"orthographic":false}